All About Eve,1950,138
The Asphalt Jungle,1950,112
Born Yesterday,1950,103
Cinderella,1950,76
D. O. A.,1950,83
Father of the Bride,1950,94
The File on Thelma Jordon,1950,100
Gun Crazy,1949,87
The Gunfighter,1950,84
Harvey,1950,104
In a Lonely Place,1950,94
Los Olvidados,1950,85
Orphée,1950,112
Panic in the Streets,1950,96
Rashomon,1950,88
Rio Grande,1950,105
Seven Days to Noon,1950,94
Stage Fright,1950,110
Sunset Boulevard,1950,110
Winchester '73,1950,92
Ace in the Hole,1951,111
The African Queen,1951,105
Alice in Wonderland,1951,75
An American in Paris,1951,102
A Christmas Carol,1951,86
The Day the Earth Stood Still,1951,92
Decision Before Dawn,1951,119
Diary of a Country Priest,1951,115
The Lavender Hill Mob,1951,81
The Man in the White Suit,1951,85
Miracle in Milan,1951,100
Pandora and the Flying Dutchman,1951,122
A Place in the Sun,1951,123
Quo Vadis,1951,171
Strangers on a Train,1951,101
A Streetcar Named Desire,1951,125
From Another World),1951,87
The Bad and the Beautiful,1952,116
The Big Sky,1952,140
Europa '51,1952,113
Fanfan la Tulipe,1952,102
Five Fingers,1952,108
Forbidden Games,1952,102
The Golden Coach,1952,103
The Greatest Show on Earth,1952,153
High Noon,1952,85
Ikiru,1952,143
Pat and Mike,1952,95
The Quiet Man,1952,129
Rancho Notorious,1952,89
Singin' in the Rain,1952,103
Umberto D.,1952,91
Angel Face,1953,91
The Band Wagon,1953,111
Beat the Devil,1953,89
The Bigamist,1953,80
The Big Heat,1953,89
From Here to Eternity,1953,118
Gentlemen Prefer Blondes,1953,91
House of Wax,1953,90
I Confess,1953,95
Julius Caesar,1953,120
The Earrings of Madame De...,1953,105
Mogambo,1953,115
Monsieur Hulot's Holiday,1953,114
The Naked Spur,1953,93
Niagara,1953,89
Pickup on South Street,1953,80
The Robe,1953,135
Roman Holiday,1953,118
Shane,1953,117
Stalag 17,1953,120
Summer With Monika,1953,96
Tokyo Story,1953,136
Ugetsu Monogatari,1953,94
The Wages of Fear,1953,148
The War of the Worlds,1953,85
The Wild One,1953,79
Animal Farm,1954,72
The Barefoot Contessa,1954,128
The Caine Mutiny,1954,125
Carmen Jones,1954,105
Chikamatsu Monogatari,1954,102
Creature from the Black Lagoon,1954,79
Dial M for Murder,1954,105
The Far Country,1954,97
Gojira,1954,96
Human Desire,1954,91
Johnny Guitar,1954,110
Journey to Italy,1954,85
On the Waterfront,1954,108
Rear Window,1954,113
Sabrina,1954,112
Salt of the Earth,1954,94
Sansho the Bailiff,1954,124
Senso,1954,93
Seven Brides for Seven Brothers,1954,103
Seven Samurai,1954,207
Silver Lode,1954,81
A Star is Born,1954,176
La Strada,1954,94
Them!,1954,94
Three Coins in the Fountain,1954,102
All That Heaven Allows,1955,89
Artists and Models,1955,109
Bad Day at Black Rock,1955,81
The Big Knife,1955,111
Blackboard Jungle,1955,100
The Court Jester,1955,101
The Court-Martial of Billy Mitchell,1955,100
Les Diaboliques,1955,114
East of Eden,1955,115
Guys and Dolls,1955,150
I'll Cry Tomorrow,1955,117
Kiss Me Deadly,1955,106
Lady and the Tramp,1955,76
The Ladykillers,1955,91
Lola Montès,1955,110
The Man From Laramie,1955,103
The Man With the Golden Arm,1955,119
Marty,1955,90
Mister Roberts,1955,123
Night and Fog,1955,32
The Night of the Hunter,1955,93
Oklahoma!,1955,145
Ordet,1955,126
Pather Panchali,1955,115
The Phenix City Story,1955,100
Picnic,1955,115
Rebel Without a Cause,1955,111
Richard III,1955,161
The Rose Tattoo,1955,117
The Seven Year Itch,1955,105
Smiles of a Summer Night,1955,108
Summertime,1955,100
To Catch a Thief,1955,103
Trial,1955,105
Anastasia,1956,105
Aparajito,1956,110
Around the World in 80 Days,1956,175
Baby Doll,1956,114
Bigger Than Life,1956,95
Bob le Flambeur,1956,98
The Burmese Harp,1956,116
Bus Stop,1956,94
Carousel,1956,128
Forbidden Planet,1956,98
Friendly Persuasion,1956,137
Giant,1956,197
High Society,1956,111
Invasion of the Body Snatchers,1956,80
The Killing,1956,83
The King and I,1956,133
A Man Escaped or: The Wind Blows Where It Listeth,1956,99
The Man in the Gray Flannel Suit,1956,153
The Man Who Knew Too Much,1956,120
Moby Dick,1956,115
Patterns,1956,83
The Red Balloon,1956,34
The Searchers,1956,119
The Ten Commandments,1956,219
Written on the Wind,1956,99
The Wrong Man,1956,105
An Affair to Remember,1957,115
The Bachelor Party,1957,92
The Bridge on the River Kwai,1957,161
The Cranes Are Flying,1957,97
A Face in the Crowd,1957,125
Funny Face,1957,103
Gunfight at the O.K. Corral,1957,122
The Incredible Shrinking Man,1957,81
Jailhouse Rock,1957,96
Mother India,1957,172
Nights of Cabiria,1957,110
The Pajama Game,1957,101
Paths of Glory,1957,88
Peyton Place,1957,157
Sayonara,1957,147
The Seventh Seal,1957,96
Sweet Smell of Success,1957,96
The Three Faces of Eve,1957,91
Throne of Blood,1957,105
12 Angry Men,1957,96
Wild Strawberries,1957,91
Witness For The Prosecution,1957,114
Ashes and Diamonds,1958,103
Auntie Mame,1958,143
The Big Country,1958,166
Cairo Station,1958,77
Cat on a Hot Tin Roof,1958,108
The Defiant Ones,1958,97
Elevator to the Gallows,1958,88
Gigi,1958,115
Horror of Dracula,1958,82
I Want to Live!,1958,120
Man of the West,1958,100
Mon Oncle,1958,117
The Old Man and the Sea,1958,86
Separate Tables,1958,100
Some Came Running,1958,137
Touch of Evil,1958,95
Vertigo,1958,128
Anatomy of a Murder,1959,160
Ben-Hur,1959,211
The Best of Everything,1959,121
Black Orpheus,1959,100
Compulsion,1959,103
The Diary of Anne Frank,1959,180
Floating Weeds,1959,119
The Four Hundred Blows,1959,97
Hiroshima Mon Amour,1959,90
Imitation of Life,1959,125
North by Northwest,1959,136
The Nun's Story,1959,149
Odds Against Tomorrow,1959,96
Pickpocket,1959,75
Pillow Talk,1959,105
Plan 9 From Outer Space,1959,80
Ride Lonesome,1959,73
Rio Bravo,1959,141
Room at the Top,1959,115
Shadows,1959,81
Sleeping Beauty,1959,75
Some Like It Hot,1959,120
"Suddenly, Last Summer",1959,114
The World of Apu,1959,105
The Young Philadelphians,1959,136
The Apartment,1960,125
L'Avventura,1960,145
Black Sunday,1960,87
Les Bonnes Femmes,1960,100
A Bout De Souffle,1960,90
BUtterfield 8,1960,109
La Dolce Vita,1960,174
Elmer Gantry,1960,146
Eyes Without a Face,1960,88
Inherit the Wind,1960,127
The Magnificent Seven,1960,126
Never on Sunday,1960,91
Peeping Tom,1960,109
Psycho,1960,109
Rocco and His Brothers,1960,177
Saturday Night and Sunday Morning,1960,90
Shoot the Piano Player,1960,80
Sons and Lovers,1960,103
Spartacus,1960,197
The Sundowners,1960,133
The Time Machine,1960,103
Two Women,1960,100
The Virgin Spring,1960,89
Breakfast at Tiffany's,1961,115
The Exiles,1961,72
The Guns of Navarone,1961,157
The Hustler,1961,134
The Innocents,1961,99
Judgment at Nuremberg,1961,190
The Ladies Man,1961,95
Last Year at Marienbad,1961,94
Lola,1961,90
Lover Come Back,1961,107
The Misfits,1961,124
La Notte,1961,115
One-Eyed Jacks,1961,141
One Hundred and One Dalmatians,1961,79
"One, Two, Three",1961,115
A Raisin in the Sun,1961,128
Splendor in the Grass,1961,124
Through a Glass Darkly,1961,89
Viridiana,1961,90
West Side Story,1961,153
Yojimbo,1961,110
Billy Budd,1962,125
Cape Fear,1962,105
Days of Wine and Roses,1962,117
Dr. No,1962,110
Gypsy,1962,143
How the West Was Won,1962,165
La Jetée,1962,28
Jules et Jim,1962,104
Lawrence of Arabia,1962,220
Lolita,1962,152
The Loneliness of the Long Distance Runner,1962,104
Long Day's Journey Into Night,1962,174
The Longest Day,1962,180
The Man Who Shot Liberty Valance,1962,118
The Manchurian Candidate,1962,126
The Miracle Worker,1962,107
Mondo Cane,1962,105
The Music Man,1962,151
Sundays and Cybele,1962,110
To Kill a Mockingbird,1962,131
What Ever Happened to Baby Jane?,1962,132
America America,1963,174
The Birds,1963,119
Bye Bye Birdie,1963,112
Charade,1963,113
Cleopatra,1963,243
Contempt,1963,103
8 1/2,1963,135
From Russia With Love,1963,110
The Great Escape,1963,169
The Haunting,1963,112
High and Low,1963,143
Hud,1963,112
"It's a Mad, Mad, Mad, Mad World",1963,192
The Leopard,1963,187
Lilies of the Field,1963,94
The Nutty Professor,1963,107
The Pink Panther,1963,113
The Servant,1963,112
Shock Corridor,1963,101
This Sporting Life,1963,134
Tom Jones,1963,129
"Yesterday, Today and Tomorrow",1963,119
The Americanization of Emily,1964,115
Becket,1964,148
Dear Heart,1964,114
Dr. Strangelove: Or How I Learned to Stop Worrying and Love the Bomb,1964,93
Fail Safe,1964,111
Goldfinger,1964,112
The Gospel According to St. Matthew,1964,137
A Hard Day's Night,1964,90
I Am Cuba,1964,140
Marnie,1964,130
Mary Poppins,1964,139
The Masque of the Red Death,1964,89
My Fair Lady,1964,170
The Night of the Iguana,1964,125
The Pawnbroker,1964,114
A Shot in the Dark,1964,101
Topkapi,1964,120
The Umbrellas of Cherbourg,1964,87
Woman in the Dunes,1964,147
Zorba the Greek,1964,142
Zulu,1964,139
Alphaville,1965,99
Cat Ballou,1965,97
Darling,1965,128
Doctor Zhivago,1965,197
Falstaff,1965,113
"Faster, Pussycat! Kill! Kill!",1965,83
Help!,1965,92
The Ipcress File,1965,109
A Patch of Blue,1965,105
Pierrot Le Fou,1965,110
Repulsion,1965,104
Ship of Fools,1965,149
The Shop on Main Street,1965,125
The Sound of Music,1965,174
A Thousand Clowns,1965,118
Tokyo Olympiad,1965,170
Alfie,1966,114
Andrei Rublev,1966,205
Au Hasard Balthazar,1966,95
The Battle of Algiers,1966,117
Blow-Up,1966,110
Born Free,1966,96
Closely Watched Trains,1966,93
Fantastic Voyage,1966,100
A Funny Thing Happened On The Way To The Forum,1966,99
Georgy Girl,1966,100
"The Good, the Bad, and the Ugly",1966,161
King of Hearts,1966,100
A Man and a Woman,1966,102
A Man for All Seasons,1966,120
Persona,1966,85
The Professionals,1966,117
Seconds,1966,100
War and Peace,1966,414
Who's Afraid of Virginia Woolf?,1966,129
Belle de Jour,1967,101
Bonnie and Clyde,1967,111
Cool Hand Luke,1967,126
The Dirty Dozen,1967,149
Divorce American Style,1967,109
Far From the Madding Crowd,1967,168
The Graduate,1967,106
Guess Who's Coming to Dinner,1967,108
Hombre,1967,111
How to Succeed in Business Without Really Trying,1967,121
In Cold Blood,1967,134
In the Heat of the Night,1967,109
The Jungle Book,1967,78
Playtime,1967,124
Point Blank,1967,92
Two for the Road,1967,112
Valley of the Dolls,1967,123
Wait Until Dark,1967,108
Week End,1967,105
Bullitt,1968,113
Charly,1968,103
Faces,1968,130
Flesh,1968,90
Funny Girl,1968,151
If...,1968,110
The Lion in Winter,1968,134
Night of the Living Dead,1968,90
Oliver!,1968,153
Once Upon a Time in the West,1968,165
Petulia,1968,105
Planet of the Apes,1968,112
Pretty Poison,1968,89
The Producers,1968,88
"Rachel, Rachel",1968,101
Romeo and Juliet,1968,138
Rosemary's Baby,1968,136
Stolen Kisses,1968,90
The Swimmer,1968,94
Targets,1968,90
The Thomas Crown Affair,1968,102
2001: A Space Odyssey,1968,139
Yellow Submarine,1968,85
Alice's Restaurant,1969,111
Anne of the Thousand Days,1969,145
The Arrangement,1969,125
Bob & Carol & Ted & Alice,1969,104
Butch Cassidy and the Sundance Kid,1969,110
Easy Rider,1969,94
Fellini Satyricon,1969,138
"Hello, Dolly!",1969,129
The Italian Job,1969,99
Kes,1969,110
The Learning Tree,1969,107
Medium Cool,1969,110
Midnight Cowboy,1969,119
Model Shop,1969,95
The Prime of Miss Jean Brodie,1969,116
The Sorrow and the Pity,1969,251
Take the Money and Run,1969,85
"They Shoot Horses, Don't They?",1969,129
True Grit,1969,128
The Wild Bunch,1969,145
Women in Love,1969,131
Z,1969,128
Airport,1970,137
Beyond the Valley of the Dolls,1970,110
The Bird With the Crystal Plumage,1970,98
Claire's Knee,1970,105
El Topo,1970,125
Five Easy Pieces,1970,96
The Garden of the Finzi-Continis,1970,94
Gimme Shelter,1970,91
Investigation of a Citizen Above Suspicion,1970,112
Little Big Man,1970,147
Love Story,1970,99
M*A*S*H,1970,116
Patton,1970,170
Performance,1970,105
The Private Life of Sherlock Holmes,1970,125
Tristana,1970,95
Woodstock 3 Days of Peace & Music,1970,184
Zabriskie Point,1970,112
Bananas,1971,82
Brian's Song,1971,73
Carnal Knowledge,1971,97
A Clockwork Orange,1971,137
Death in Venice,1971,130
Dirty Harry,1971,103
Duel,1971,90
The Emigrants,1971,148
Fiddler on the Roof,1971,180
The French Connection,1971,104
Get Carter,1971,111
Harold and Maude,1971,90
Klute,1971,114
The Last Picture Show,1971,118
McCabe & Mrs. Miller,1971,120
Nicholas and Alexandra,1971,183
Play Misty For Me,1971,102
Shaft,1971,100
Straw Dogs,1971,118
Summer of '42,1971,104
"Sunday, Bloody Sunday",1971,110
Sweet Sweetback's Baad Asssss Song,1971,97
10 Rillington Place,1971,111
Two-Lane Blacktop,1971,102
Walkabout,1971,95
Willy Wonka and the Chocolate Factory,1971,100
W.R.: Mysteries of the Organism,1971,85
"Aguirre, The Wrath of God",1972,100
Cabaret,1972,124
The Candidate,1972,109
Cries and Whispers,1972,106
Deliverance,1972,109
The Discreet Charm of the Bourgeoisie,1972,105
Fat City,1972,100
Frenzy,1972,116
The Godfather,1972,175
Last Tango in Paris,1972,125
"Play It Again, Sam",1972,85
Pink Flamingos,1972,93
The Ruling Class,1972,148
Sleuth,1972,138
Solaris,1972,165
Sounder,1972,105
Super Fly,1972,93
Amarcord,1973,127
American Graffiti,1973,110
Badlands,1973,95
Day For Night,1973,115
The Day of the Jackal,1973,143
Don't Look Now,1973,110
Enter the Dragon,1973,98
The Exorcist,1973,120
Fantastic Planet,1973,72
High Plains Drifter,1973,105
The Last Detail,1973,103
The Long Goodbye,1973,112
Mean Streets,1973,110
The Paper Chase,1973,113
Paper Moon,1973,102
Papillon,1973,150
Pat Garrett and Billy the Kid,1973,106
Save the Tiger,1973,100
Scenes From a Marriage,1973,169
Serpico,1973,129
Sleeper,1973,88
The Spirit of the Beehive,1973,97
The Sting,1973,129
A Touch of Class,1973,105
The Way We Were,1973,118
The Wicker Man,1973,88
Alice Doesn't Live Here Anymore,1974,112
Blazing Saddles,1974,93
Bring Me the Head of Alfredo Garcia,1974,112
Chinatown,1974,131
The Conversation,1974,113
Part II),1974,200
Harry and Tonto,1974,115
Lenny,1974,111
The Parallax View,1974,102
The Texas Chainsaw Massacre,1974,83
That's Entertainment!,1974,120
The Towering Inferno,1974,165
"Vincent, François, Paul...and the Others",1974,118
A Woman Under the Influence,1974,155
Young Frankenstein,1974,106
Barry Lyndon,1975,184
The Day of the Locust,1975,144
Dersu Uzala,1975,137
Dog Day Afternoon,1975,130
Jaws,1975,120
Love and Death,1975,85
The Man Who Would Be King,1975,129
Monty Python and the Holy Grail,1975,89
Nashville,1975,159
Night Moves,1975,100
One Flew Over the Cuckoo's Nest,1975,133
The Passenger,1975,125
Picnic at Hanging Rock,1975,115
The Rocky Horror Picture Show,1975,100
"Salo, Or the 120 Days of Sodom",1975,117
Seven Beauties,1975,115
Shampoo,1975,109
Tommy,1975,111
All the President's Men,1976,138
Black and White in Color,1976,90
Bound For Glory,1976,147
Carrie,1976,97
In the Realm of the Senses,1976,105
L'Innocente,1976,115
The Man Who Fell to Earth,1976,140
Marathon Man,1976,125
Network,1976,120
1900,1976,320
The Omen,1976,111
The Outlaw Josey Wales,1976,135
Rocky,1976,119
Small Change,1976,104
Taxi Driver,1976,112
Annie Hall,1977,93
Close Encounters of the Third Kind,1977,135
Eraserhead,1977,100
The Goodbye Girl,1977,111
The Hills Have Eyes,1977,89
Julia,1977,116
Killer of Sheep,1977,90
The Last Wave,1977,106
Madame Rosa,1977,105
Saturday Night Fever,1977,119
Soldier of Orange,1977,165
The Spy Who Loved Me,1977,125
Star Wars,1977,121
Suspiria,1977,98
Three Women,1977,124
The Turning Point,1977,119
National Lampoon's) Animal House,1978,109
The Buddy Holly Story,1978,113
La Cage aux Folles,1978,91
Coming Home,1978,126
Dawn of the Dead,1978,126
Days of Heaven,1978,95
The Deer Hunter,1978,183
Get Out Your Handkerchiefs,1978,109
Grease,1978,110
Halloween,1978,90
Heaven Can Wait,1978,100
The Last Waltz,1978,117
Midnight Express,1978,120
Pretty Baby,1978,110
Superman The Movie,1978,143
The Tree of Wooden Clogs,1978,186
An Unmarried Woman,1978,124
Up in Smoke,1978,86
Watership Down,1978,101
Alien,1979,116
All That Jazz,1979,123
...And Justice For All,1979,119
Apocalypse Now,1979,139
Being There,1979,130
The Black Stallion,1979,118
Breaking Away,1979,100
The China Syndrome,1979,122
The Jerk,1979,94
Kramer vs. Kramer,1979,104
Mad Max,1979,93
Manhattan,1979,96
The Marriage of Maria Braun,1979,120
Monty Python's) Life of Brian,1979,93
Moscow Does Not Believe in Tears,1979,140
The Muppet Movie,1979,95
Norma Rae,1979,110
North Dallas Forty,1979,119
Nosferatu: The Vampyr,1979,107
The Onion Field,1979,126
Real Life,1979,99
Star Trek - The Motion Picture,1979,132
10,1979,121
Tess,1979,170
The Tin Drum,1979,142
The Warriors,1979,90
Airplane!,1980,88
The Big Red One,1980,113
The Blues Brothers,1980,133
Breaker Morant,1980,107
Coal Miner's Daughter,1980,125
Dressed to Kill,1980,105
The Elephant Man,1980,125
The Empire Strikes Back,1980,120
The Gods Must Be Crazy,1980,109
Heaven's Gate,1980,219
Kagemusha,1980,162
The Long Good Friday,1980,105
Melvin and Howard,1980,95
Ordinary People,1980,124
Raging Bull,1980,129
The Shining,1980,144
An American Werewolf in London,1981,97
Arthur,1981,117
Atlantic City,1981,104
Blow Out,1981,107
Body Heat,1981,113
Chariots of Fire,1981,123
Christiane F.,1981,138
Das Boot,1981,145
Diva,1981,117
The Evil Dead,1981,85
The French Lieutenant's Woman,1981,124
Gallipoli,1981,110
Gregory's Girl,1981,91
Mad Max 2,1981,94
Mephisto,1981,144
My Dinner with Andre,1981,110
On Golden Pond,1981,109
Pixote,1981,128
Possession,1981,124
Ragtime,1981,155
Raiders of the Lost Ark,1981,115
Reds,1981,200
Whose Life Is It Anyway?,1981,119
Zoot Suit,1981,103
Blade Runner,1982,117
Diner,1982,110
E. T. - The Extra-Terrestrial,1982,115
Fanny and Alexander,1982,188
Fast Times at Ridgemont High,1982,91
First Blood,1982,99
Fitzcarraldo,1982,157
48 Hrs.,1982,96
Gandhi,1982,188
The King of Comedy,1982,108
Koyaanisqatsi,1982,87
Missing,1982,122
Moonlighting,1982,97
An Officer and a Gentleman,1982,126
Poltergeist,1982,114
The Road Warrior,1982,94
Sophie's Choice,1982,157
The Thing,1982,108
Tootsie,1982,116
The Verdict,1982,129
The Year of Living Dangerously,1982,115
The Big Chill,1983,103
A Christmas Story,1983,94
The Dresser,1983,118
El Norte,1983,139
Entre Nous,1983,110
Flashdance,1983,95
Local Hero,1983,111
National Lampoon's) Vacation,1983,98
Return of the Jedi,1983,132
The Right Stuff,1983,192
Risky Business,1983,98
Scarface,1983,170
The Star Chamber,1983,109
Sudden Impact,1983,117
Tender Mercies,1983,92
Terms of Endearment,1983,130
Videodrome,1983,87
Zelig,1983,80
Amadeus,1984,158
Beverly Hills Cop,1984,105
Blood Simple,1984,97
The Bounty,1984,130
Choose Me,1984,106
Dangerous Moves,1984,100
Ghostbusters,1984,107
The Home and the World,1984,140
The Killing Fields,1984,141
The Natural,1984,134
A Nightmare on Elm Street,1984,91
Once Upon a Time in America,1984,227
"Paris, Texas",1984,147
A Passage to India,1984,163
Places in the Heart,1984,112
Repo Man,1984,92
Romancing the Stone,1984,105
A Soldier's Story,1984,101
Stranger Than Paradise,1984,89
The Terminator,1984,108
This Is Spinal Tap,1984,82
Back to the Future,1985,116
Brazil,1985,131
The Breakfast Club,1985,92
Cocoon,1985,117
The Color Purple,1985,152
Day of the Dead,1985,96
The Emerald Forest,1985,113
The Goonies,1985,114
Jagged Edge,1985,108
Kiss of the Spider Woman,1985,119
Lost in America,1985,91
My Beautiful Laundrette,1985,97
My Life as a Dog,1985,101
The Official Story,1985,112
Out of Africa,1985,162
Pale Rider,1985,120
Pee-Wee's Big Adventure,1985,90
Prizzi's Honor,1985,130
The Purple Rose of Cairo,1985,84
Ran,1985,160
Re-Animator,1985,104
The Return of the Living Dead,1985,91
A Room With a View,1985,117
The Trip to Bountiful,1985,105
Witness,1985,112
Aliens,1986,137
The Assault,1986,144
Betty Blue,1986,121
Blue Velvet,1986,120
Children of a Lesser God,1986,119
The Color of Money,1986,119
"""Crocodile"" Dundee",1986,102
Ferris Bueller's Day Off,1986,103
The Fly,1986,100
Hannah and Her Sisters,1986,106
Henry: Portrait of a Serial Killer,1986,90
The Hitcher,1986,96
Manhunter,1986,119
Manon of the Spring,1986,113
The Mission,1986,126
Mona Lisa,1986,104
Nine 1/2 Weeks,1986,117
Platoon,1986,111
Salvador,1986,123
She's Gotta Have It,1986,85
Sherman's March,1986,157
Something Wild,1986,113
Stand By Me,1986,87
Top Gun,1986,110
Au Revoir Les Enfants,1987,103
Babette's Feast,1987,102
The Big Easy,1987,108
Broadcast News,1987,131
The Dead,1987,83
Dirty Dancing,1987,105
Evil Dead 2,1987,84
Fatal Attraction,1987,119
Full Metal Jacket,1987,116
"Good Morning, Vietnam",1987,121
Hope and Glory,1987,113
House of Games,1987,102
The Last Emperor,1987,160
Lethal Weapon,1987,110
Moonstruck,1987,102
No Way Out,1987,115
Nuts,1987,116
Pelle The Conqueror,1987,157
Predator,1987,107
The Princess Bride,1987,98
Radio Days,1987,96
Raising Arizona,1987,94
Red Sorghum,1987,91
RoboCop,1987,103
Suspect,1987,121
3 Men and a Baby,1987,102
The Untouchables,1987,119
Wall Street,1987,126
Wings of Desire,1987,130
Withnail & I,1987,108
The Accidental Tourist,1988,121
The Accused,1988,111
Akira,1988,124
Big,1988,104
Bull Durham,1988,108
Cinema Paradiso,1988,123
A Cry in the Dark,1988,120
Dangerous Liaisons,1988,120
Dead Ringers,1988,115
Die Hard,1988,132
A Fish Called Wanda,1988,108
Hairspray,1988,94
Heathers,1988,102
High Hopes,1988,110
The Last Temptation of Christ,1988,164
Mississippi Burning,1988,128
My Neighbor Totoro,1988,87
Rain Man,1988,134
The Thin Blue Line,1988,101
The Unbearable Lightness of Being,1988,171
The Vanishing,1988,107
Who Framed Roger Rabbit,1988,104
Women on the Verge of a Nervous Breakdown,1988,90
Working Girl,1988,113
The Abyss,1989,140
Batman,1989,126
Born on the Fourth of July,1989,145
"The Cook, the Thief, His Wife & Her Lover",1989,98
Crimes and Misdemeanors,1989,107
Dead Poets Society,1989,128
The Decalogue,1989,584
Do the Right Thing,1989,120
Driving Miss Daisy,1989,99
Drugstore Cowboy,1989,100
"Enemies, A Love Story",1989,119
Field of Dreams,1989,107
Glory,1989,122
Henry V,1989,138
The Killer,1989,111
The Little Mermaid,1989,83
Music Box,1989,124
My Left Foot,1989,98
Roger & Me,1989,91
Say Anything...,1989,100
"sex, lies and videotape",1989,101
When Harry Met Sally...,1989,96
Avalon,1990,128
Awakenings,1990,121
Blood Oath,1990,108
Cyrano de Bergerac,1990,137
Dances With Wolves,1990,181
Edward Scissorhands,1990,100
Ghost,1990,122
"The Godfather, Part III",1990,161
GoodFellas,1990,146
The Grifters,1990,114
Home Alone,1990,98
The Hunt for Red October,1990,134
Jacob's Ladder,1990,115
Journey of Hope,1990,110
Ju Dou,1990,95
King of New York,1990,103
Miller's Crossing,1990,115
Misery,1990,107
Presumed Innocent,1990,127
Pretty Woman,1990,119
Reversal of Fortune,1990,120
Total Recall,1990,113
Wild at Heart,1990,126
Barton Fink,1991,116
Beauty and the Beast,1991,84
La Belle Noiseuse,1991,240
Boyz 'N The Hood,1991,107
Bugsy,1991,149
City Slickers,1991,112
Class Action,1991,110
Delicatessen,1991,95
The Double Life of Veronique,1991,98
Enchanted April,1991,95
Fried Green Tomatoes,1991,137
JFK,1991,189
Let Him Have It,1991,115
Mediterraneo,1991,96
My Own Private Idaho,1991,102
Naked Lunch,1991,115
Point Break,1991,117
Raise the Red Lantern,1991,125
Rambling Rose,1991,112
The Rapture,1991,100
The Silence of the Lambs,1991,118
Terminator 2: Judgment Day,1991,137
Thelma & Louise,1991,128
Aladdin,1992,90
Bad Lieutenant,1992,98
Baraka,1992,96
Basic Instinct,1992,127
Batman Returns,1992,126
Belle Epoque,1992,109
Bram Stoker's Dracula,1992,130
The Crying Game,1992,112
A Few Good Men,1992,138
Glengarry Glen Ross,1992,100
Howards End,1992,140
Indochine,1992,153
The Last of the Mohicans,1992,114
Like Water for Chocolate,1992,105
Malcolm X,1992,201
My Cousin Vinny,1992,120
Of Mice and Men,1992,115
The Player,1992,123
Reservoir Dogs,1992,99
A River Runs Through It,1992,123
Scent of a Woman,1992,137
Single White Female,1992,107
The Story of Qiu Ju,1992,100
Unforgiven,1992,131
Wayne's World,1992,95
Age of Innocence,1993,138
Farewell My Concubine,1993,171
The Fugitive,1993,130
Groundhog Day,1993,101
Guilty As Sin,1993,107
In the Line of Fire,1993,128
In the Name of the Father,1993,133
The Joy Luck Club,1993,139
Jurassic Park,1993,126
Menace II Society,1993,97
Mrs. Doubtfire,1993,125
Much Ado About Nothing,1993,111
Tim Burton's) The Nightmare Before Christmas,1993,76
Philadelphia,1993,125
The Piano,1993,121
The Remains of the Day,1993,134
Schindler's List,1993,197
Shadowlands,1993,133
Short Cuts,1993,189
Sleepless in Seattle,1993,105
Trois Couleurs: Bleu,1993,100
True Romance,1993,116
The Adventures of Priscilla: Queen of the Desert,1994,104
Blue Sky,1994,101
Bullets Over Broadway,1994,98
Burnt By the Sun,1994,135
Chungking Express,1994,102
Clerks.,1994,90
Crumb,1994,119
Dumb & Dumber,1994,113
Ed Wood,1994,124
Exotica,1994,103
Forrest Gump,1994,142
Four Weddings and a Funeral,1994,117
Heavenly Creatures,1994,99
Hoop Dreams,1994,171
It Could Happen to You,1994,101
The Last Seduction,1994,110
The Lion King,1994,87
Little Women,1994,115
The Madness of King George,1994,107
Natural Born Killers,1994,120
Il Postino: The Postman,1994,108
The Professional,1994,109
Pulp Fiction,1994,153
Quiz Show,1994,130
The Shawshank Redemption,1994,142
Speed,1994,115
Trial By Jury,1994,107
Trois Couleurs: Blanc,1994,91
Trois Couleurs: Red,1994,99
True Lies,1994,141
Apollo 13,1995,140
Babe,1995,91
Before Sunrise,1995,101
Braveheart,1995,177
The Bridges of Madison County,1995,135
Casino,1995,182
Clueless,1995,97
Dead Man Walking,1995,120
GoldenEye,1995,130
Heat,1995,172
Kids,1995,90
Leaving Las Vegas,1995,112
Losing Isaiah,1995,111
Murder in the First,1995,122
Nixon,1995,190
Pocahontas,1995,84
Safe,1995,121
Sense and Sensibility,1995,135
Se7en,1995,127
Strange Days,1995,145
Toy Story,1995,80
The Usual Suspects,1995,105
Bound,1996,108
Breaking the Waves,1996,159
Crash,1996,98
The English Patient,1996,162
Fargo,1996,97
Independence Day,1996,135
Jerry Maguire,1996,138
Lone Star,1996,130
Mission: Impossible,1996,110
The People vs. Larry Flynt,1996,129
The Pillow Book,1996,126
Primal Fear,1996,129
Scream,1996,111
Secrets & Lies,1996,142
Trainspotting,1996,90
Twister,1996,117
Amistad,1997,155
The Apostle,1997,134
As Good As It Gets,1997,130
Austin Powers: International Man of Mystery,1997,89
Boogie Nights,1997,155
Deconstructing Harry,1997,96
Eve's Bayou,1997,109
The Fifth Element,1997,125
The Full Monty,1997,90
Good Will Hunting,1997,126
Grosse Pointe Blank,1997,107
The Ice Storm,1997,113
In the Company of Men,1997,93
Kiss the Girls,1997,115
Kundun,1997,128
L. A. Confidential,1997,136
Life is Beautiful,1997,122
Lost Highway,1997,135
Open Your Eyes,1997,117
Princess Mononoke,1997,133
The Sweet Hereafter,1997,112
Titanic,1997,197
American History X,1998,118
Armageddon,1998,153
Babe: Pig in the City,1998,97
The Big Lebowski,1998,117
A Bug's Life,1998,95
A Civil Action,1998,115
Dark City,1998,101
Happiness,1998,139
The Idiots,1998,Runtime not found
Pi,1998,85
Pleasantville,1998,124
Primary Colors,1998,143
Ringu,1998,96
Run Lola Run,1998,81
Rushmore,1998,89
Saving Private Ryan,1998,169
Shakespeare in Love,1998,122
A Simple Plan,1998,121
There's Something About Mary,1998,118
The Thin Red Line,1998,170
The Truman Show,1998,102
All About My Mother,1999,101
American Beauty,1999,120
Audition,1999,115
Beau Travail,1999,92
Being John Malkovich,1999,112
The Blair Witch Project,1999,87
Boys Don't Cry,1999,116
Bringing Out the Dead,1999,121
The End of the Affair,1999,102
Eyes Wide Shut,1999,159
Fight Club,1999,139
The Insider,1999,157
The Iron Giant,1999,86
Magnolia,1999,188
The Matrix,1999,136
The Sixth Sense,1999,105
"South Park: Bigger, Longer & Uncut",1999,88
The Straight Story,1999,111
The Talented Mr. Ripley,1999,139
Three Kings,1999,115
Topsy-Turvy,1999,160
Toy Story 2,1999,92
Almost Famous,2000,122
American Psycho,2000,97
Amores Perros,2000,153
The Beach,2000,119
Best in Show,2000,89
Billy Elliot,2000,110
The Cell,2000,107
Chicken Run,2000,84
"Crouching Tiger, Hidden Dragon",2000,120
Dancer in the Dark,2000,140
Erin Brockovich,2000,131
Gladiator,2000,154
High Fidelity,2000,113
In the Mood for Love,2000,98
Meet the Parents,2000,107
Memento,2001,116
"O Brother, Where Art Thou?",2000,106
Pollock,2000,122
Requiem For a Dream,2000,100
Traffic,2000,147
Wonder Boys,2000,107
You Can Count on Me,2000,111
A.I. Artificial Intelligence,2001,145
Amelie,2001,121
A Beautiful Mind,2001,134
Black Hawk Down,2001,144
Bridget Jones's Diary,2001,96
Donnie Darko,2001,122
Fat Girl,2001,93
Final Fantasy: The Spirits Within,2001,106
Ghost World,2001,111
Gosford Park,2001,137
Hannibal,2001,131
Harry Potter and the Sorcerer's Stone,2001,152
In the Bedroom,2001,138
The Lord of the Rings: The Fellowship of the Ring,2001,178
The Man Who Wasn't There,2001,116
Monsoon Wedding,2001,114
Monster's Ball,2001,111
"Monsters, Inc.",2001,92
Moulin Rouge!,2001,126
Mulholland Dr.,2001,146
The Others,2001,101
The Piano Teacher,2001,130
The Pledge,2001,124
The Royal Tenenbaums,2001,108
Shrek,2001,90
Spirited Away,2001,124
Waking Life,2001,99
Winged Migration,2001,98
Y Tu Mama Tambien,2001,105
About Schmidt,2002,125
Adaptation,2002,114
The Bourne Identity,2002,118
Bowling for Columbine,2002,123
Chicago,2002,113
City of God,2002,131
Die Another Day,2002,132
Far From Heaven,2002,107
Femme Fatale,2002,110
Frida,2002,120
Gangs of New York,2002,168
Harry Potter and the Chamber of Secrets,2002,161
The Hours,2002,114
Ice Age,2002,85
Irreversible,2002,97
The Lord of the Rings: The Two Towers,2002,179
My Big Fat Greek Wedding,2002,95
The Pianist,2002,148
Punch-Drunk Love,2002,95
The Ring,2002,105
Russian Ark,2002,96
Secretary,2002,111
Signs,2002,106
Solaris,2002,99
Spider-Man,2002,121
Talk to Her,2002,101
28 Days Later...,2002,99
Unfaithful,2002,124
Whale Rider,2002,101
Big Fish,2003,125
Dogville,2003,177
The Dreamers,2003,116
Finding Nemo,2003,100
Good Bye Lenin!,2003,121
House of Sand and Fog,2003,126
Kill Bill: Vol. 1,2003,111
The Lord of the Rings: The Return of the King,2003,201
Lost in Translation,2003,102
"Love, Actually",2003,135
Master and Commander: The Far Side of the World,2003,138
The Matrix Reloaded,2003,138
The Matrix Revolutions,2003,129
A Mighty Wind,2003,91
Monster,2003,93
Mystic River,2003,137
Oldboy,2003,118
Pirates of the Caribbean: The Curse of the Black Pearl,2003,143
Seabiscuit,2003,141
Terminator 3: Rise of the Machines,2003,109
thirteen,2003,100
The Triplets of Belleville,2003,80
21 Grams,2003,124
Under the Tuscan Sun,2003,113
X2: X-Men United,2003,133
Bad Education,2004,104
Before Sunset,2004,80
The Bourne Supremacy,2004,120
Closer,2004,101
Dawn of the Dead,2004,101
The Day After Tomorrow,2004,123
Downfall,2004,150
Eternal Sunshine of the Spotless Mind,2004,108
Fahrenheit 9/11,2004,122
Harry Potter and the Prisoner of Azkaban,2004,141
Hellboy,2004,122
Hotel Rwanda,2004,121
Howl's Moving Castle,2004,119
The Incredibles,2004,121
Kill Bill: Vol. 2,2004,137
The Life Aquatic with Steve Zissou,2004,118
Maria Full of Grace,2004,101
Million Dollar Baby,2004,137
Napoleon Dynamite,2004,86
The Passion of the Christ,2004,127
The Polar Express,2004,100
Saw,2004,100
Shaun of the Dead,2004,99
Shrek 2,2004,99
Sideways,2004,126
Spider-Man 2,2004,124
Super Size Me,2004,96
Troy,2004,165
Æon Flux,2005,93
Batman Begins,2005,140
Brokeback Mountain,2005,134
Caché,2005,111
Capote,2005,115
"The Chronicles of Narnia: The Lion, the Witch, and the Wardrobe",2005,139
The Constant Gardener,2005,128
Crash,2004,114
The Exorcism of Emily Rose,2005,122
"Good Night, and Good Luck.",2005,90
Harry Potter and the Goblet of Fire,2005,150
A History of Violence,2005,96
Junebug,2005,106
King Kong,2005,187
Kingdom of Heaven,2005,145
Land of the Dead,2005,93
March of the Penguins,2005,80
Memoirs of a Geisha,2005,144
Munich,2005,164
The New World,2005,135
North Country,2005,126
Pride & Prejudice,2005,126
Sin City,2005,147
Syriana,2005,128
Walk the Line,2005,136
Apocalypto,2006,139
Away From Her,2006,110
Babel,2006,143
Borat: Cultural Learnings of America for Make Benefit Glorious Nation of Kazakhstan,2006,84
Casino Royale,2006,144
Children of Men,2006,109
The Departed,2006,151
The Devil Wears Prada,2006,109
Dreamgirls,2006,130
Flags of Our Fathers,2006,132
Happy Feet,2006,108
The Illusionist,2006,109
An Inconvenient Truth,2006,96
The Last King of Scotland,2006,121
Letters From Iwo Jima,2006,141
Little Children,2006,137
Little Miss Sunshine,2006,101
The Lives of Others,2006,137
Once,2006,85
Pan's Labyrinth,2006,119
Pirates of the Caribbean: Dead Man's Chest,2006,151
The Prestige,2006,130
The Queen,2006,97
Rocky Balboa,2006,101
Superman Returns,2006,154
300,2006,116
United 93,2006,111
Volver,2006,121
Across the Universe,2007,128
The Assassination of Jesse James By the Coward Robert Ford,2007,160
Atonement,2007,123
Before the Devil Knows You're Dead,2007,117
The Bourne Ultimatum,2007,115
The Diving Bell and the Butterfly,2007,112
"4 Months, 3 Weeks, and 2 Days",2007,113
Gone Baby Gone,2007,114
Hairspray,2007,115
Hannibal Rising,2007,121
Harry Potter and the Order of the Phoenix,2007,139
Into the Wild,2007,148
Juno,2007,96
Live Free or Die Hard,2007,129
Michael Clayton,2007,119
No Country For Old Men,2007,91
The Orphanage,2007,105
Paranormal Activity,2007,86
Persepolis,2007,95
Pirates of the Caribbean: At World's End,2007,168
Ratatouille,2007,110
Shrek the Third,2007,92
Spider-Man 3,2007,138
Sweeney Todd: The Demon Barber of Fleet Street,2007,117
There Will Be Blood,2007,158
La Vie En Rose,2007,140
Anvil! The Story of Anvil,2008,Runtime not found
The Chronicles of Narnia: Prince Caspian,2008,144
The Class,2008,Runtime not found
The Curious Case of Benjamin Button,2008,167
The Dark Knight,2008,152
Doubt,2008,104
Frost/Nixon,2008,122
Gomorrah,2008,137
Gran Torino,2008,116
Indiana Jones and the Kingdom of the Crystal Skull,2008,122
Iron Man,2008,126
Låt den Rätte Komma In),2008,Runtime not found
Mamma Mia!,2008,108
Milk,2008,127
Quantum of Solace,2008,105
The Reader,2008,123
Revolutionary Road,2008,119
Slumdog Millionaire,2008,116
Twilight,2008,121
Vicky Cristina Barcelona,2008,96
WALL • E,2008,97
The Wrestler,2008,109
Avatar,2009,160
Bad Lieutenant Port of Call: New Orleans,2009,122
The Blind Side,2009,129
Crazy Heart,2009,112
An Education,2009,100
The Girl With the Dragon Tattoo,2009,154
The Hangover,2009,96
Harry Potter and the Half Blood Prince,2009,153
The Hurt Locker,2009,127
Inglourious Basterds,2009,152
Precious: Based on the Novel Push by Sapphire,2009,109
A Serious Man,2009,106
Star Trek,2009,126
Terminator Salvation,2009,114
Transformers: Revenge of the Fallen,2009,144
The Twilight Saga: New Moon,2009,130
Up,2009,89
Up in the Air,2009,109
The American,2010,105
Black Swan,2010,103
Blue Valentine,2010,112
Despicable Me,2010,95
The Fighter,2010,115
The Ghost Writer,2010,128
"Harry Potter and the Deathly Hallows, Part 1",2010,146
How to Train Your Dragon,2010,98
Inception,2010,148
Iron Man 2,2010,124
The Kids Are All Right,2010,106
The King's Speech,2010,118
127 Hours,2010,93
Shrek Forever After,2010,93
The Social Network,2010,120
The Town,2010,124
Toy Story 3,2010,103
True Grit,2010,110
Winter's Bone,2010,100
The Artist,2011,100
Bridesmaids,2011,125
The Descendants,2011,115
Drive,2011,100
The Girl With the Dragon Tattoo,2011,158
"Harry Potter and the Deathly Hallows, Part 2",2011,130
Le Havre,2011,93
The Help,2011,146
Hugo,2011,128
The Iron Lady,2011,105
Melancholia,2011,136
Midnight in Paris,2011,94
Moneyball,2011,133
My Week With Marilyn,2011,101
Rango,2011,107
A Separation,2011,123
Shame,2011,101
Tinker Tailor Soldier Spy,2011,127
The Tree of Life,2011,139
"The Twilight Saga: Breaking Dawn, Part 1",2011,117
Unknown,2011,113
War Horse,2011,146
Amour,2012,127
Argo,2012,120
Beasts of the Southern Wild,2012,93
Brave,2012,93
The Cabin in the Woods,2012,95
A Coffee in Berlin,2012,83
The Dark Knight Rises,2012,164
Django Unchained,2012,166
The Hobbit: An Unexpected Journey,2012,169
The Hunger Games,2012,142
Life of Pi,2012,127
Lincoln,2012,149
Looper,2012,118
Marvel's) The Avengers,2012,142
The Master,2012,138
Les Misérables,2012,158
Moonrise Kingdom,2012,93
The Sessions,2012,98
Silver Linings Playbook,2012,120
Skyfall,2012,145
Zero Dark Thirty,2012,157
All Is Lost,2013,106
American Hustle,2013,138
August: Osage County,2013,121
Before Midnight,2013,109
Blue Is the Warmest Color,2013,179
Blue Jasmine,2013,98
Lee Daniels') The Butler,2013,132
Captain Phillips,2013,134
The Conjuring,2013,112
Dallas Buyers Club,2013,117
Despicable Me 2,2013,98
Enough Said,2013,93
Fast & Furious 6,2013,130
Fruitvale Station,2013,85
Gravity,2013,91
Her,2013,120
The Hobbit: The Desolation of Smaug,2013,161
The Hunger Games: Catching Fire,2013,146
The Immigrant,2013,120
Inside Llewyn Davis,2013,105
Iron Man Three,2013,130
Man of Steel,2013,143
Monsters University,2013,104
Nebraska,2013,115
Philomena,2013,98
Spring Breakers,2013,94
Star Trek Into Darkness,2013,132
Thor: The Dark World,2013,112
12 Years a Slave,2013,134
Under the Skin,2013,108
The Wolf of Wall Street,2013,180
World War Z,2013,116
American Sniper,2014,134
Big Eyes,2014,105
The Unexpected Virtue of Ignorance),2014,119
Boyhood,2014,165
The Fault in Our Stars,2014,126
Foxcatcher,2014,134
Gone Girl,2014,149
The Grand Budapest Hotel,2014,100
The Hobbit: The Battle of the Five Armies,2014,144
The Hunger Games: Mockingjay Part 1,2014,123
The Imitation Game,2014,114
Inherent Vice,2014,148
Interstellar,2014,169
Into the Woods,2014,124
The Judge,2014,141
The LEGO Movie,2014,100
A Most Violent Year,2014,125
Selma,2014,122
St. Vincent,2014,102
Still Alice,2014,101
The Theory of Everything,2014,123
"Deux Jours, Une Nuit)",2014,95
Unbroken,2014,137
Whiplash,2014,107
Wild,2014,115
Amy,2015,128
Anomalisa,2015,90
Avengers: Age of Ultron,2015,141
The Big Short,2015,130
Bridge of Spies,2015,141
Brooklyn,2015,111
Carol,2015,118
Chi-Raq,2015,127
Creed,2015,133
The Danish Girl,2015,119
The Diary of a Teenage Girl,2015,102
Ex Machina,2015,108
Fast & Furious 7,2015,137
45 Years,2015,95
The Hateful Eight,2015,167
Inside Out,2015,95
Joy,2015,124
Jurassic World,2015,124
Mad Max: Fury Road,2015,120
The Martian,2015,144
Mission: Impossible - Rogue Nation,2015,131
The Revenant,2015,156
Room,2015,118
Sicario,2015,121
Spectre,2015,148
Spotlight,2015,128
Star Wars: Episode VII - The Force Awakens,2015,135
Steve Jobs,2015,122
Straight Outta Compton,2015,147
Tangerine,2015,88
Trumbo,2015,124
Arrival,2016,116
Captain America: Civil War,2016,147
Deadpool,2016,108
Don't Breathe,2016,88
The Edge of Seventeen,2016,104
Elle,2016,130
Everybody Wants Some!!,2016,117
Fantastic Beasts and Where to Find Them,2016,133
Fences,2016,138
Finding Dory,2016,97
The Girl on the Train,2016,112
Green Room,2016,95
Hacksaw Ridge,2016,139
"Hail, Caesar!",2016,106
Hell or High Water,2016,102
Hidden Figures,2016,127
Jackie,2016,100
The Jungle Book,2016,106
La La Land,2016,128
Lion,2016,118
Love & Friendship,2016,92
Loving,2016,123
Manchester by the Sea,2016,137
Moana,2016,107
A Monster Calls,2016,108
Moonlight,2016,111
Nocturnal Animals,2016,116
Paterson,2016,118
Rogue One: A Star Wars Story,2016,133
Silence,2016,161
Sing Street,2016,106
Sully,2016,96
20th Century Women,2016,118
The VVitch,2015,92
Zootopia,2016,108
Blade Runner 2049,2017,164
Call Me By Your Name,2017,132
Coco,2017,105
Darkest Hour,2017,125
Dunkirk,2017,106
The Florida Project,2017,111
Get Out,2017,104
A Ghost Story,2017,92
"I, Tonya",2017,120
Lady Bird,2017,94
Logan,2017,137
Mudbound,2017,134
Phantom Thread,2017,130
The Post,2017,116
The Shape of Water,2017,123
Star Wars: Episode VIII - The Last Jedi,2017,152
"Three Billboards outside Ebbing, Missouri",2017,115
Wonder Woman,2017,141
BlacKkKlansman,2018,136
Black Panther,2018,135
Bohemian Rhapsody,2018,133
Can You Ever Forgive Me?,2018,107
Crazy Rich Asians,2018,121
The Favourite,2018,121
First Man,2018,142
Green Book,2018,130
If Beale Street Could Talk,2018,119
Incredibles 2,2018,125
Mary Poppins Returns,2018,130
A Quiet Place,2018,91
Roma,2018,135
Spider-Man: Into the Spider-Verse,2018,117
A Star Is Born,2018,134
Vice,2018,132
The Wife,2018,101
Ad Astra,2019,123
Avengers: Endgame,2019,181
A Beautiful Day in the Neighborhood,2019,109
Bombshell,2019,109
Booksmart,2019,102
Dolemite is My Name,2019,117
The Farewell,2019,100
Fast & Furious Presents: Hobbs & Shaw,2019,137
Ford v Ferrari,2019,152
Frozen II,2019,103
A Hidden Life,2019,174
Hustlers,2019,110
The Irishman,2019,209
Joker,2019,122
Judy,2019,118
Knives Out,2019,130
The Lion King,2019,118
Little Women,2019,134
Marriage Story,2019,137
Midsommar,2019,147
1917,2019,119
Once Upon a Time... in Hollywood,2019,161
Pain and Glory,2019,113
Parasite,2019,232
Portrait of a Lady on Fire,2019,121
Rocketman,2019,121
Toy Story 4,2019,100
The Two Popes,2019,125
Uncut Gems,2019,135
Us,2019,116
Yesterday,2019,116
The Assistant,2020,87
Da 5 Bloods,2020,154
The Father,2020,97
Judas and the Black Messiah,2020,126
Ma Rainey's Black Bottom,2020,94
Mank,2020,131
Minari,2020,115
The Nest,2020,107
Never Rarely Sometimes Always,2020,101
Nomadland,2020,108
On the Rocks,2020,96
One Night in Miami...,2020,114
Promising Young Woman,2020,113
Soul,2020,100
Sound of Metal,2019,120
Tenet,2020,150
The Trial of the Chicago 7,2020,129
Wonder Woman 1984,2020,151
Being the Ricardos,2021,131
Belfast,2021,98
CODA,2021,111
Don't Look Up,2021,138
Drive My Car,2021,179
Dune,2021,155
Encanto,2021,102
The Eyes of Tammy Faye,2021,126
House of Gucci,2021,158
King Richard,2021,144
Licorice Pizza,2021,133
The Lost Daughter,2021,121
Nightmare Alley,2021,150
No Time to Die,2021,163
Parallel Mothers,2021,120
The Power of the Dog,2021,126
Spider-Man: No Way Home,2021,148
"tick, tick … Boom!",2021,115
The Tragedy of Macbeth,2021,105
West Side Story,2021,156
Avatar: The Way of Water,2022,192
Babylon,2022,189
The Banshees of Inisherin,2022,114
Black Panther: Wakanda Forever,2022,161
Elvis,2022,159
Everything Everywhere All at Once,2022,139
The Fabelmans,2022,151
Tár,2022,158
Till,2022,130
Top Gun: Maverick,2022,130
The Whale,2022,117
The Woman King,2022,135
Women Talking,2022,104
Air,2023,111
American Fiction,2023,117
Anatomy of a Fall,2023,151
Asteroid City,2023,105
Barbie,2023,114
The Boy and the Heron,2023,124
The Holdovers,2023,133
Killers of the Flower Moon,2023,206
Maestro,2023,129
May December,2023,117
Oppenheimer,2023,180
Past Lives,2023,105
Poor Things,2023,141
Spider-Man: Across the Spider-Verse,2023,140
The Super Mario Bros. Movie,2023,92
Talk to Me,2023,95
The Zone of Interest,2023,105
